user_id,user_type,join_date,age,fitness_level,primary_goal,preferred_activity_time
user_0000,struggling,2025-08-26,53,beginner,weight_loss,morning
user_0001,struggling,2025-08-13,57,advanced,weight_loss,night
user_0002,struggling,2025-03-26,63,beginner,weight_loss,evening
user_0003,dropout,2025-04-14,46,beginner,wellness,evening
user_0004,struggling,2025-04-03,31,beginner,wellness,night
user_0005,struggling,2025-10-26,58,advanced,muscle_gain,night
user_0006,moderate,2025-11-29,56,beginner,weight_loss,morning
user_0007,dropout,2025-04-06,50,intermediate,wellness,night
user_0008,moderate,2025-07-12,42,advanced,wellness,morning
user_0009,moderate,2025-02-13,19,advanced,weight_loss,morning
user_0010,moderate,2025-03-21,47,intermediate,stress_reduction,night
user_0011,moderate,2025-08-25,21,advanced,stress_reduction,afternoon
user_0012,dropout,2025-03-22,28,beginner,weight_loss,evening
user_0013,highly_engaged,2025-11-26,39,intermediate,wellness,morning
user_0014,moderate,2025-04-08,25,intermediate,stress_reduction,afternoon
user_0015,dropout,2025-05-28,53,advanced,stress_reduction,night
user_0016,dropout,2025-07-31,48,beginner,weight_loss,morning
user_0017,dropout,2025-01-31,58,beginner,stress_reduction,morning
user_0018,dropout,2025-09-26,62,intermediate,stress_reduction,morning
user_0019,struggling,2025-05-23,49,intermediate,weight_loss,night
user_0020,struggling,2025-10-22,62,beginner,weight_loss,night
user_0021,moderate,2025-02-26,21,beginner,weight_loss,night
user_0022,struggling,2025-05-29,53,advanced,wellness,morning
user_0023,struggling,2025-06-18,40,intermediate,stress_reduction,night
user_0024,dropout,2025-10-01,36,beginner,wellness,night
user_0025,moderate,2025-10-25,47,intermediate,weight_loss,evening
user_0026,highly_engaged,2025-01-14,31,intermediate,muscle_gain,evening
user_0027,struggling,2025-08-23,22,advanced,muscle_gain,afternoon
user_0028,dropout,2025-07-05,52,beginner,stress_reduction,night
user_0029,moderate,2025-01-31,60,advanced,wellness,night
user_0030,struggling,2025-06-29,25,intermediate,weight_loss,afternoon
user_0031,dropout,2025-03-26,28,beginner,wellness,night
user_0032,highly_engaged,2025-04-26,47,beginner,stress_reduction,morning
user_0033,dropout,2025-02-07,64,advanced,stress_reduction,afternoon
user_0034,dropout,2025-11-07,63,advanced,weight_loss,morning
user_0035,moderate,2024-12-29,46,beginner,stress_reduction,evening
user_0036,highly_engaged,2025-02-06,65,intermediate,wellness,night
user_0037,highly_engaged,2025-03-30,20,beginner,wellness,morning
user_0038,struggling,2025-11-12,45,advanced,stress_reduction,morning
user_0039,highly_engaged,2024-12-23,59,beginner,muscle_gain,morning
user_0040,highly_engaged,2024-12-15,42,advanced,weight_loss,morning
user_0041,highly_engaged,2025-01-15,53,beginner,stress_reduction,night
user_0042,dropout,2025-09-30,40,beginner,stress_reduction,night
user_0043,struggling,2025-03-24,51,intermediate,stress_reduction,night
user_0044,highly_engaged,2025-11-19,19,beginner,stress_reduction,morning
user_0045,dropout,2025-10-29,29,intermediate,stress_reduction,morning
user_0046,struggling,2025-04-20,65,advanced,stress_reduction,night
user_0047,struggling,2025-11-14,29,intermediate,weight_loss,night
user_0048,struggling,2025-01-16,45,advanced,muscle_gain,night
user_0049,highly_engaged,2025-11-07,22,beginner,stress_reduction,night
user_0050,moderate,2024-12-28,54,intermediate,weight_loss,morning
user_0051,struggling,2025-06-14,64,advanced,muscle_gain,morning
user_0052,struggling,2025-07-23,37,intermediate,weight_loss,afternoon
user_0053,moderate,2025-11-30,23,intermediate,weight_loss,night
user_0054,struggling,2025-03-10,64,beginner,wellness,night
user_0055,moderate,2025-04-05,49,advanced,stress_reduction,afternoon
user_0056,moderate,2024-12-10,47,beginner,muscle_gain,morning
user_0057,dropout,2025-08-26,23,advanced,wellness,afternoon
user_0058,struggling,2025-10-18,60,beginner,wellness,night
user_0059,moderate,2025-04-05,21,beginner,weight_loss,afternoon
user_0060,struggling,2025-11-21,40,advanced,muscle_gain,afternoon
user_0061,highly_engaged,2025-08-18,62,intermediate,wellness,night
user_0062,dropout,2025-11-05,36,advanced,stress_reduction,morning
user_0063,moderate,2025-07-04,24,beginner,weight_loss,afternoon
user_0064,highly_engaged,2025-01-12,30,beginner,muscle_gain,evening
user_0065,highly_engaged,2025-02-28,54,beginner,weight_loss,night
user_0066,highly_engaged,2025-08-01,44,intermediate,wellness,morning
user_0067,dropout,2025-06-11,43,intermediate,muscle_gain,afternoon
user_0068,dropout,2025-09-06,20,beginner,wellness,night
user_0069,highly_engaged,2025-11-03,60,advanced,stress_reduction,evening
user_0070,dropout,2025-01-30,48,advanced,muscle_gain,morning
user_0071,dropout,2025-06-06,50,advanced,weight_loss,night
user_0072,highly_engaged,2025-02-22,39,intermediate,muscle_gain,evening
user_0073,dropout,2025-09-28,27,advanced,muscle_gain,evening
user_0074,struggling,2025-08-26,37,advanced,muscle_gain,afternoon
user_0075,moderate,2025-04-03,64,intermediate,muscle_gain,afternoon
user_0076,highly_engaged,2025-03-28,27,intermediate,weight_loss,evening
user_0077,struggling,2025-01-21,46,intermediate,wellness,morning
user_0078,highly_engaged,2025-08-29,23,advanced,muscle_gain,night
user_0079,highly_engaged,2025-07-06,58,advanced,stress_reduction,evening
user_0080,dropout,2025-07-24,53,intermediate,stress_reduction,night
user_0081,moderate,2025-03-12,57,intermediate,weight_loss,afternoon
user_0082,struggling,2025-01-02,28,advanced,muscle_gain,afternoon
user_0083,moderate,2025-02-25,48,advanced,weight_loss,night
user_0084,dropout,2025-07-29,46,intermediate,stress_reduction,afternoon
user_0085,highly_engaged,2025-03-19,44,beginner,stress_reduction,morning
user_0086,dropout,2025-04-06,34,intermediate,wellness,morning
user_0087,dropout,2025-05-24,51,advanced,wellness,morning
user_0088,highly_engaged,2025-01-02,47,advanced,wellness,evening
user_0089,highly_engaged,2025-07-11,36,intermediate,wellness,evening
user_0090,dropout,2025-02-05,59,intermediate,muscle_gain,night
user_0091,highly_engaged,2025-02-11,30,advanced,weight_loss,evening
user_0092,dropout,2025-04-26,41,intermediate,stress_reduction,morning
user_0093,dropout,2025-06-12,54,beginner,stress_reduction,night
user_0094,highly_engaged,2025-12-02,30,intermediate,stress_reduction,night
user_0095,highly_engaged,2025-10-20,24,intermediate,weight_loss,evening
user_0096,moderate,2025-09-25,55,beginner,weight_loss,morning
user_0097,dropout,2025-09-15,60,advanced,wellness,night
user_0098,moderate,2025-07-01,56,advanced,stress_reduction,night
user_0099,struggling,2025-03-31,36,beginner,stress_reduction,evening
user_0100,moderate,2025-06-04,40,advanced,wellness,afternoon
user_0101,moderate,2025-09-22,39,beginner,muscle_gain,night
user_0102,moderate,2025-08-31,57,advanced,stress_reduction,morning
user_0103,struggling,2025-04-27,20,advanced,wellness,night
user_0104,highly_engaged,2025-04-03,46,intermediate,weight_loss,evening
user_0105,moderate,2025-05-06,61,advanced,stress_reduction,afternoon
user_0106,dropout,2024-12-06,63,advanced,stress_reduction,morning
user_0107,dropout,2025-09-29,45,advanced,stress_reduction,evening
user_0108,moderate,2025-07-30,45,advanced,wellness,afternoon
user_0109,struggling,2025-06-19,54,intermediate,stress_reduction,afternoon
user_0110,dropout,2025-05-06,60,intermediate,weight_loss,night
user_0111,moderate,2025-02-18,35,beginner,wellness,night
user_0112,dropout,2025-03-24,40,advanced,muscle_gain,night
user_0113,dropout,2024-12-13,57,beginner,wellness,morning
user_0114,dropout,2025-07-14,41,intermediate,wellness,morning
user_0115,highly_engaged,2025-06-29,33,beginner,weight_loss,afternoon
user_0116,moderate,2025-09-19,55,advanced,wellness,evening
user_0117,highly_engaged,2025-08-22,39,intermediate,muscle_gain,afternoon
user_0118,struggling,2025-10-12,26,beginner,stress_reduction,night
user_0119,struggling,2025-02-21,57,intermediate,muscle_gain,evening
user_0120,highly_engaged,2025-07-17,27,beginner,muscle_gain,afternoon
user_0121,struggling,2025-02-13,45,intermediate,stress_reduction,evening
user_0122,dropout,2025-11-03,37,beginner,wellness,night
user_0123,highly_engaged,2025-04-13,50,intermediate,weight_loss,evening
user_0124,moderate,2025-11-22,39,advanced,wellness,night
user_0125,dropout,2025-08-14,53,intermediate,wellness,morning
user_0126,struggling,2024-12-30,48,beginner,weight_loss,morning
user_0127,dropout,2025-03-10,47,beginner,wellness,night
user_0128,dropout,2025-06-22,42,advanced,stress_reduction,night
user_0129,moderate,2025-11-28,29,beginner,stress_reduction,evening
user_0130,highly_engaged,2024-12-15,62,beginner,wellness,evening
user_0131,highly_engaged,2025-03-18,45,advanced,weight_loss,afternoon
user_0132,struggling,2025-04-25,42,advanced,muscle_gain,afternoon
user_0133,struggling,2025-10-18,48,intermediate,muscle_gain,night
user_0134,dropout,2025-01-26,23,advanced,muscle_gain,night
user_0135,highly_engaged,2025-05-27,58,advanced,weight_loss,night
user_0136,highly_engaged,2025-11-06,65,beginner,muscle_gain,afternoon
user_0137,moderate,2025-04-08,43,beginner,stress_reduction,evening
user_0138,highly_engaged,2025-02-20,29,intermediate,stress_reduction,evening
user_0139,struggling,2025-01-13,39,beginner,muscle_gain,evening
user_0140,dropout,2025-04-18,36,intermediate,stress_reduction,night
user_0141,highly_engaged,2025-03-26,59,beginner,muscle_gain,afternoon
user_0142,dropout,2025-04-17,31,intermediate,stress_reduction,morning
user_0143,dropout,2025-01-03,56,beginner,wellness,evening
user_0144,moderate,2025-03-14,50,beginner,stress_reduction,night
user_0145,highly_engaged,2025-07-03,60,beginner,stress_reduction,morning
user_0146,struggling,2025-01-28,27,advanced,stress_reduction,morning
user_0147,struggling,2025-09-08,50,beginner,muscle_gain,afternoon
user_0148,dropout,2025-03-07,50,advanced,weight_loss,afternoon
user_0149,highly_engaged,2025-06-26,26,advanced,weight_loss,afternoon
user_0150,highly_engaged,2025-09-19,47,beginner,wellness,night
user_0151,dropout,2025-03-05,37,beginner,weight_loss,morning
user_0152,dropout,2025-11-14,49,advanced,stress_reduction,afternoon
user_0153,highly_engaged,2025-04-26,28,beginner,weight_loss,afternoon
user_0154,moderate,2025-02-11,21,beginner,wellness,night
user_0155,highly_engaged,2025-04-03,60,beginner,muscle_gain,morning
user_0156,dropout,2025-04-02,52,beginner,weight_loss,night
user_0157,moderate,2025-07-21,30,intermediate,wellness,night
user_0158,dropout,2025-01-19,54,advanced,stress_reduction,morning
user_0159,highly_engaged,2025-04-29,33,intermediate,muscle_gain,morning
user_0160,dropout,2025-10-18,50,advanced,muscle_gain,afternoon
user_0161,moderate,2025-05-26,22,intermediate,weight_loss,morning
user_0162,struggling,2025-11-30,34,beginner,weight_loss,night
user_0163,dropout,2025-11-13,41,beginner,weight_loss,afternoon
user_0164,moderate,2025-10-24,19,intermediate,wellness,afternoon
user_0165,struggling,2025-09-15,41,beginner,muscle_gain,morning
user_0166,highly_engaged,2025-04-02,56,beginner,wellness,afternoon
user_0167,dropout,2025-03-12,58,advanced,stress_reduction,afternoon
user_0168,dropout,2025-04-28,26,intermediate,stress_reduction,night
user_0169,highly_engaged,2024-12-15,60,beginner,wellness,night
user_0170,struggling,2025-02-04,45,advanced,weight_loss,night
user_0171,struggling,2025-04-02,25,beginner,stress_reduction,morning
user_0172,highly_engaged,2025-11-06,30,advanced,muscle_gain,morning
user_0173,dropout,2025-07-29,44,beginner,muscle_gain,evening
user_0174,highly_engaged,2025-08-25,19,beginner,weight_loss,night
user_0175,moderate,2025-03-23,43,beginner,weight_loss,evening
user_0176,moderate,2025-10-07,56,beginner,muscle_gain,night
user_0177,struggling,2025-06-26,64,intermediate,muscle_gain,evening
user_0178,highly_engaged,2025-06-22,56,beginner,wellness,afternoon
user_0179,highly_engaged,2025-04-29,26,advanced,stress_reduction,night
user_0180,struggling,2025-03-23,33,intermediate,stress_reduction,evening
user_0181,struggling,2025-04-23,33,beginner,wellness,afternoon
user_0182,struggling,2025-08-06,27,beginner,weight_loss,evening
user_0183,struggling,2025-08-18,31,advanced,muscle_gain,evening
user_0184,dropout,2025-11-14,41,advanced,muscle_gain,morning
user_0185,struggling,2025-01-07,52,intermediate,wellness,morning
user_0186,struggling,2025-06-16,45,intermediate,wellness,morning
user_0187,dropout,2025-04-10,45,beginner,wellness,morning
user_0188,highly_engaged,2025-06-03,65,intermediate,stress_reduction,morning
user_0189,struggling,2025-08-03,49,beginner,wellness,afternoon
user_0190,highly_engaged,2025-03-28,53,beginner,wellness,afternoon
user_0191,moderate,2025-03-12,43,advanced,muscle_gain,night
user_0192,highly_engaged,2025-06-19,40,intermediate,wellness,morning
user_0193,moderate,2025-03-27,40,advanced,stress_reduction,afternoon
user_0194,moderate,2025-02-27,62,advanced,stress_reduction,night
user_0195,struggling,2025-05-23,20,advanced,weight_loss,afternoon
user_0196,highly_engaged,2025-05-11,50,beginner,stress_reduction,morning
user_0197,dropout,2025-02-26,47,intermediate,weight_loss,morning
user_0198,highly_engaged,2025-08-14,59,beginner,wellness,morning
user_0199,moderate,2025-05-12,20,advanced,stress_reduction,night
user_0200,dropout,2025-05-07,65,intermediate,wellness,afternoon
user_0201,moderate,2025-01-01,44,intermediate,wellness,morning
user_0202,dropout,2025-01-23,25,intermediate,stress_reduction,evening
user_0203,highly_engaged,2025-07-17,39,advanced,stress_reduction,morning
user_0204,struggling,2025-03-07,54,intermediate,stress_reduction,afternoon
user_0205,highly_engaged,2025-04-02,62,beginner,weight_loss,afternoon
user_0206,struggling,2025-09-02,21,advanced,muscle_gain,afternoon
user_0207,struggling,2025-03-30,20,advanced,muscle_gain,morning
user_0208,highly_engaged,2025-03-18,36,advanced,stress_reduction,evening
user_0209,moderate,2024-12-10,43,intermediate,muscle_gain,afternoon
user_0210,highly_engaged,2024-12-09,65,beginner,wellness,evening
user_0211,dropout,2025-09-30,61,intermediate,muscle_gain,afternoon
user_0212,moderate,2025-08-17,33,beginner,stress_reduction,afternoon
user_0213,moderate,2025-03-09,32,beginner,stress_reduction,afternoon
user_0214,highly_engaged,2024-12-23,25,advanced,stress_reduction,morning
user_0215,moderate,2025-01-30,48,intermediate,muscle_gain,evening
user_0216,moderate,2025-03-21,62,advanced,muscle_gain,morning
user_0217,struggling,2025-03-10,39,advanced,stress_reduction,morning
user_0218,moderate,2025-02-03,58,beginner,weight_loss,afternoon
user_0219,moderate,2025-03-16,59,intermediate,wellness,afternoon
user_0220,highly_engaged,2025-08-01,35,intermediate,wellness,morning
user_0221,highly_engaged,2025-03-04,47,advanced,wellness,morning
user_0222,moderate,2025-12-04,35,beginner,weight_loss,morning
user_0223,struggling,2025-05-09,43,intermediate,weight_loss,afternoon
user_0224,moderate,2025-03-09,56,intermediate,muscle_gain,evening
user_0225,dropout,2025-05-08,46,advanced,wellness,evening
user_0226,highly_engaged,2025-05-13,57,intermediate,stress_reduction,afternoon
user_0227,highly_engaged,2025-06-25,42,intermediate,muscle_gain,afternoon
user_0228,moderate,2025-03-27,50,advanced,weight_loss,afternoon
user_0229,highly_engaged,2025-04-20,35,intermediate,muscle_gain,night
user_0230,highly_engaged,2025-05-01,54,beginner,wellness,afternoon
user_0231,moderate,2025-06-24,33,advanced,muscle_gain,evening
user_0232,dropout,2025-07-24,26,beginner,wellness,morning
user_0233,dropout,2025-10-06,35,intermediate,weight_loss,night
user_0234,dropout,2025-02-12,57,intermediate,muscle_gain,afternoon
user_0235,highly_engaged,2025-09-03,40,intermediate,stress_reduction,morning
user_0236,struggling,2025-06-02,52,intermediate,muscle_gain,morning
user_0237,highly_engaged,2025-09-14,48,intermediate,stress_reduction,evening
user_0238,highly_engaged,2025-06-08,30,advanced,muscle_gain,afternoon
user_0239,struggling,2025-08-20,41,intermediate,weight_loss,evening
user_0240,moderate,2025-04-22,57,beginner,wellness,night
user_0241,highly_engaged,2025-10-21,57,intermediate,weight_loss,afternoon
user_0242,moderate,2025-06-15,59,advanced,stress_reduction,morning
user_0243,highly_engaged,2025-05-05,61,beginner,wellness,evening
user_0244,moderate,2025-10-24,51,intermediate,weight_loss,afternoon
user_0245,struggling,2024-12-20,22,intermediate,wellness,afternoon
user_0246,struggling,2025-06-29,51,advanced,muscle_gain,morning
user_0247,moderate,2025-02-23,23,beginner,muscle_gain,afternoon
user_0248,struggling,2025-02-06,49,intermediate,weight_loss,morning
user_0249,highly_engaged,2025-07-26,27,beginner,stress_reduction,afternoon
user_0250,struggling,2025-04-07,52,intermediate,wellness,morning
user_0251,highly_engaged,2025-09-30,34,beginner,wellness,afternoon
user_0252,moderate,2025-03-10,19,advanced,stress_reduction,night
user_0253,moderate,2025-07-17,32,advanced,stress_reduction,afternoon
user_0254,highly_engaged,2025-11-14,46,advanced,muscle_gain,afternoon
user_0255,dropout,2025-05-21,59,beginner,stress_reduction,evening
user_0256,highly_engaged,2024-12-21,37,beginner,wellness,evening
user_0257,highly_engaged,2025-04-03,27,advanced,muscle_gain,morning
user_0258,highly_engaged,2025-11-29,23,advanced,weight_loss,morning
user_0259,struggling,2024-12-06,46,intermediate,muscle_gain,morning
user_0260,struggling,2025-11-04,38,advanced,muscle_gain,evening
user_0261,moderate,2025-05-23,32,advanced,wellness,night
user_0262,highly_engaged,2025-08-26,30,beginner,wellness,morning
user_0263,moderate,2025-08-10,34,beginner,muscle_gain,morning
user_0264,highly_engaged,2025-07-19,20,beginner,weight_loss,morning
user_0265,highly_engaged,2025-02-11,25,advanced,muscle_gain,evening
user_0266,struggling,2025-04-07,52,advanced,muscle_gain,afternoon
user_0267,struggling,2025-11-28,43,advanced,muscle_gain,evening
user_0268,highly_engaged,2025-10-22,48,intermediate,wellness,night
user_0269,highly_engaged,2024-12-22,49,intermediate,weight_loss,afternoon
user_0270,dropout,2025-08-03,60,advanced,muscle_gain,night
user_0271,highly_engaged,2025-09-26,61,beginner,wellness,evening
user_0272,struggling,2025-12-04,32,intermediate,weight_loss,night
user_0273,dropout,2025-04-23,30,advanced,wellness,afternoon
user_0274,moderate,2025-06-22,35,beginner,muscle_gain,evening
user_0275,struggling,2025-07-08,27,intermediate,muscle_gain,night
user_0276,dropout,2025-08-07,18,beginner,wellness,morning
user_0277,struggling,2025-09-04,34,advanced,weight_loss,night
user_0278,struggling,2025-08-16,51,intermediate,wellness,evening
user_0279,moderate,2025-08-18,24,advanced,weight_loss,morning
user_0280,dropout,2025-05-11,36,beginner,stress_reduction,evening
user_0281,dropout,2025-07-22,30,intermediate,weight_loss,afternoon
user_0282,dropout,2025-02-21,58,beginner,stress_reduction,morning
user_0283,moderate,2025-08-26,44,intermediate,weight_loss,afternoon
user_0284,struggling,2025-08-04,55,advanced,wellness,night
user_0285,dropout,2025-03-27,54,intermediate,wellness,evening
user_0286,dropout,2025-05-26,39,intermediate,wellness,evening
user_0287,dropout,2025-11-14,53,advanced,muscle_gain,morning
user_0288,highly_engaged,2025-08-30,60,advanced,stress_reduction,morning
user_0289,moderate,2025-05-19,54,beginner,stress_reduction,night
user_0290,moderate,2024-12-18,39,advanced,weight_loss,afternoon
user_0291,struggling,2025-04-05,25,intermediate,muscle_gain,night
user_0292,dropout,2025-08-12,46,intermediate,stress_reduction,night
user_0293,highly_engaged,2025-08-22,27,advanced,wellness,evening
user_0294,struggling,2025-10-30,28,beginner,muscle_gain,afternoon
user_0295,highly_engaged,2025-12-03,33,beginner,muscle_gain,morning
user_0296,highly_engaged,2025-04-23,27,advanced,stress_reduction,evening
user_0297,moderate,2025-11-14,23,beginner,muscle_gain,evening
user_0298,dropout,2025-03-05,54,intermediate,muscle_gain,evening
user_0299,highly_engaged,2025-03-05,31,intermediate,wellness,night
user_0300,dropout,2024-12-19,37,advanced,weight_loss,evening
user_0301,moderate,2025-11-24,27,intermediate,wellness,afternoon
user_0302,dropout,2025-06-01,53,advanced,muscle_gain,morning
user_0303,highly_engaged,2025-04-10,53,intermediate,wellness,night
user_0304,highly_engaged,2025-03-01,65,intermediate,muscle_gain,morning
user_0305,moderate,2025-09-15,46,beginner,stress_reduction,afternoon
user_0306,moderate,2025-10-04,56,advanced,wellness,evening
user_0307,dropout,2025-03-23,29,intermediate,stress_reduction,afternoon
user_0308,moderate,2025-10-18,37,intermediate,weight_loss,evening
user_0309,moderate,2025-05-24,25,beginner,muscle_gain,night
user_0310,moderate,2025-11-17,42,beginner,weight_loss,evening
user_0311,moderate,2025-03-17,48,advanced,weight_loss,morning
user_0312,dropout,2025-07-22,26,advanced,stress_reduction,afternoon
user_0313,moderate,2025-03-08,59,beginner,muscle_gain,afternoon
user_0314,moderate,2025-09-20,58,advanced,wellness,night
user_0315,moderate,2025-10-02,56,advanced,wellness,morning
user_0316,dropout,2025-03-28,27,advanced,stress_reduction,morning
user_0317,dropout,2025-07-31,63,intermediate,weight_loss,morning
user_0318,struggling,2025-01-18,21,beginner,muscle_gain,night
user_0319,struggling,2025-10-03,29,intermediate,muscle_gain,evening
user_0320,dropout,2025-03-21,53,intermediate,wellness,afternoon
user_0321,highly_engaged,2025-01-24,61,beginner,stress_reduction,evening
user_0322,dropout,2025-06-08,28,intermediate,muscle_gain,afternoon
user_0323,struggling,2025-07-12,23,intermediate,stress_reduction,morning
user_0324,highly_engaged,2025-07-04,58,advanced,muscle_gain,night
user_0325,struggling,2025-10-29,29,beginner,weight_loss,afternoon
user_0326,struggling,2025-06-17,39,beginner,muscle_gain,morning
user_0327,struggling,2025-05-08,21,advanced,muscle_gain,morning
user_0328,struggling,2024-12-24,61,beginner,muscle_gain,afternoon
user_0329,moderate,2025-02-24,22,beginner,wellness,afternoon
user_0330,moderate,2025-01-02,22,intermediate,weight_loss,morning
user_0331,moderate,2025-08-21,51,advanced,stress_reduction,afternoon
user_0332,struggling,2025-03-07,50,beginner,wellness,afternoon
user_0333,moderate,2025-10-06,34,advanced,wellness,morning
user_0334,dropout,2025-10-20,21,advanced,weight_loss,morning
user_0335,dropout,2025-01-02,32,intermediate,stress_reduction,afternoon
user_0336,dropout,2025-05-13,18,intermediate,muscle_gain,afternoon
user_0337,moderate,2025-07-25,48,beginner,wellness,evening
user_0338,dropout,2025-09-08,23,intermediate,wellness,afternoon
user_0339,struggling,2025-11-16,20,beginner,wellness,afternoon
user_0340,dropout,2025-07-13,19,advanced,muscle_gain,evening
user_0341,moderate,2025-04-15,29,advanced,muscle_gain,evening
user_0342,struggling,2025-07-06,53,beginner,stress_reduction,night
user_0343,highly_engaged,2025-06-17,36,beginner,wellness,morning
user_0344,moderate,2025-10-04,53,beginner,stress_reduction,night
user_0345,struggling,2025-10-17,58,advanced,weight_loss,afternoon
user_0346,moderate,2025-05-03,26,advanced,weight_loss,night
user_0347,dropout,2025-04-27,58,beginner,wellness,afternoon
user_0348,struggling,2025-01-11,51,advanced,wellness,night
user_0349,struggling,2025-07-07,46,advanced,muscle_gain,night
user_0350,moderate,2025-07-09,31,intermediate,muscle_gain,evening
user_0351,dropout,2025-02-11,31,advanced,stress_reduction,afternoon
user_0352,moderate,2025-10-13,34,advanced,weight_loss,evening
user_0353,struggling,2025-01-18,57,advanced,muscle_gain,evening
user_0354,struggling,2025-01-16,48,beginner,muscle_gain,afternoon
user_0355,highly_engaged,2025-05-29,54,advanced,muscle_gain,afternoon
user_0356,moderate,2025-03-16,25,intermediate,muscle_gain,morning
user_0357,struggling,2025-02-19,56,intermediate,weight_loss,evening
user_0358,moderate,2025-12-01,46,advanced,weight_loss,afternoon
user_0359,dropout,2024-12-10,40,advanced,stress_reduction,evening
user_0360,struggling,2025-04-14,34,beginner,muscle_gain,afternoon
user_0361,moderate,2025-05-24,34,advanced,weight_loss,afternoon
user_0362,struggling,2025-11-05,42,intermediate,wellness,evening
user_0363,struggling,2025-01-04,62,intermediate,weight_loss,morning
user_0364,struggling,2025-10-23,60,advanced,wellness,evening
user_0365,dropout,2025-11-21,62,intermediate,weight_loss,afternoon
user_0366,moderate,2025-03-08,43,advanced,stress_reduction,afternoon
user_0367,dropout,2025-10-08,34,advanced,stress_reduction,afternoon
user_0368,moderate,2025-03-17,62,intermediate,stress_reduction,evening
user_0369,struggling,2025-06-27,29,beginner,muscle_gain,night
user_0370,moderate,2025-02-20,38,intermediate,weight_loss,afternoon
user_0371,struggling,2025-07-17,47,advanced,stress_reduction,evening
user_0372,moderate,2025-11-26,20,advanced,stress_reduction,evening
user_0373,dropout,2025-05-14,43,beginner,weight_loss,night
user_0374,highly_engaged,2025-08-29,36,advanced,stress_reduction,night
user_0375,highly_engaged,2025-11-09,27,beginner,weight_loss,morning
user_0376,struggling,2025-02-06,60,beginner,weight_loss,evening
user_0377,moderate,2025-06-21,30,beginner,wellness,afternoon
user_0378,moderate,2025-06-10,20,advanced,stress_reduction,night
user_0379,dropout,2025-11-20,40,intermediate,muscle_gain,night
user_0380,highly_engaged,2025-02-25,25,beginner,muscle_gain,morning
user_0381,dropout,2025-01-02,46,intermediate,stress_reduction,evening
user_0382,highly_engaged,2025-09-29,34,intermediate,wellness,afternoon
user_0383,highly_engaged,2025-08-22,34,intermediate,muscle_gain,afternoon
user_0384,highly_engaged,2025-04-07,47,beginner,wellness,evening
user_0385,struggling,2025-06-11,51,intermediate,stress_reduction,afternoon
user_0386,struggling,2025-01-11,34,advanced,muscle_gain,morning
user_0387,struggling,2025-06-23,28,beginner,wellness,morning
user_0388,highly_engaged,2025-06-16,37,intermediate,wellness,afternoon
user_0389,moderate,2025-09-18,45,beginner,muscle_gain,evening
user_0390,moderate,2025-08-29,50,beginner,weight_loss,afternoon
user_0391,dropout,2025-09-21,35,beginner,weight_loss,morning
user_0392,dropout,2025-04-05,65,beginner,stress_reduction,evening
user_0393,moderate,2025-06-30,42,advanced,muscle_gain,afternoon
user_0394,dropout,2025-08-28,59,intermediate,weight_loss,night
user_0395,highly_engaged,2024-12-17,45,beginner,muscle_gain,night
user_0396,moderate,2025-05-22,24,intermediate,stress_reduction,afternoon
user_0397,highly_engaged,2025-05-24,34,advanced,muscle_gain,morning
user_0398,struggling,2025-06-17,42,advanced,wellness,morning
user_0399,highly_engaged,2024-12-25,65,advanced,stress_reduction,morning
user_0400,moderate,2024-12-28,31,advanced,stress_reduction,afternoon
user_0401,dropout,2025-07-02,18,advanced,stress_reduction,night
user_0402,struggling,2025-02-20,65,advanced,stress_reduction,morning
user_0403,dropout,2025-06-21,38,advanced,muscle_gain,afternoon
user_0404,dropout,2025-01-23,34,beginner,wellness,evening
user_0405,moderate,2025-11-16,20,advanced,wellness,night
user_0406,moderate,2025-08-25,21,beginner,stress_reduction,night
user_0407,moderate,2025-03-15,24,beginner,weight_loss,evening
user_0408,struggling,2025-10-03,22,intermediate,weight_loss,afternoon
user_0409,dropout,2025-04-04,31,beginner,muscle_gain,evening
user_0410,struggling,2025-06-12,20,beginner,stress_reduction,night
user_0411,dropout,2024-12-30,28,advanced,stress_reduction,afternoon
user_0412,moderate,2025-01-07,22,intermediate,weight_loss,afternoon
user_0413,struggling,2025-11-18,21,intermediate,stress_reduction,morning
user_0414,struggling,2025-01-27,41,advanced,weight_loss,morning
user_0415,moderate,2025-07-12,58,intermediate,wellness,evening
user_0416,highly_engaged,2025-06-01,49,advanced,stress_reduction,morning
user_0417,moderate,2025-10-21,55,advanced,muscle_gain,afternoon
user_0418,highly_engaged,2025-07-04,63,advanced,stress_reduction,afternoon
user_0419,highly_engaged,2025-08-16,38,advanced,wellness,morning
user_0420,struggling,2025-02-14,62,advanced,wellness,afternoon
user_0421,dropout,2025-11-05,62,beginner,muscle_gain,morning
user_0422,highly_engaged,2025-05-09,55,beginner,muscle_gain,night
user_0423,struggling,2025-11-18,45,advanced,stress_reduction,afternoon
user_0424,moderate,2025-01-15,37,intermediate,wellness,evening
user_0425,moderate,2025-06-27,55,advanced,muscle_gain,afternoon
user_0426,dropout,2025-10-28,59,advanced,wellness,evening
user_0427,highly_engaged,2025-08-22,52,intermediate,wellness,morning
user_0428,moderate,2025-07-04,38,intermediate,stress_reduction,morning
user_0429,struggling,2025-02-01,45,advanced,weight_loss,afternoon
user_0430,moderate,2025-08-18,43,advanced,wellness,morning
user_0431,dropout,2025-12-01,41,beginner,stress_reduction,evening
user_0432,dropout,2025-09-19,23,beginner,wellness,evening
user_0433,moderate,2025-08-08,33,intermediate,muscle_gain,morning
user_0434,struggling,2025-07-25,41,beginner,stress_reduction,evening
user_0435,dropout,2025-07-12,45,beginner,muscle_gain,night
user_0436,highly_engaged,2025-01-12,23,beginner,stress_reduction,night
user_0437,moderate,2025-11-20,25,intermediate,stress_reduction,morning
user_0438,dropout,2025-03-07,61,advanced,muscle_gain,morning
user_0439,dropout,2025-01-28,18,intermediate,wellness,afternoon
user_0440,moderate,2025-09-22,62,beginner,stress_reduction,night
user_0441,dropout,2025-05-11,50,intermediate,wellness,night
user_0442,struggling,2025-09-18,22,advanced,weight_loss,afternoon
user_0443,moderate,2025-01-19,39,intermediate,stress_reduction,night
user_0444,dropout,2025-04-14,36,advanced,weight_loss,evening
user_0445,moderate,2025-01-16,61,intermediate,wellness,evening
user_0446,highly_engaged,2025-07-18,23,beginner,wellness,evening
user_0447,dropout,2025-11-11,53,advanced,weight_loss,afternoon
user_0448,moderate,2025-04-05,32,advanced,weight_loss,evening
user_0449,moderate,2025-01-31,40,beginner,stress_reduction,night
user_0450,struggling,2025-09-02,64,advanced,weight_loss,night
user_0451,highly_engaged,2025-04-16,19,beginner,muscle_gain,morning
user_0452,struggling,2024-12-06,35,intermediate,wellness,night
user_0453,struggling,2025-03-08,45,intermediate,stress_reduction,afternoon
user_0454,moderate,2025-05-31,58,intermediate,muscle_gain,evening
user_0455,moderate,2025-04-09,48,advanced,weight_loss,afternoon
user_0456,dropout,2025-08-01,40,intermediate,wellness,night
user_0457,struggling,2025-07-11,18,advanced,stress_reduction,afternoon
user_0458,moderate,2025-10-17,22,intermediate,wellness,afternoon
user_0459,dropout,2025-04-30,46,beginner,stress_reduction,afternoon
user_0460,dropout,2025-04-16,56,beginner,weight_loss,afternoon
user_0461,struggling,2024-12-20,52,advanced,stress_reduction,night
user_0462,struggling,2025-05-02,48,intermediate,stress_reduction,evening
user_0463,highly_engaged,2025-07-23,19,intermediate,muscle_gain,evening
user_0464,moderate,2025-07-13,23,beginner,weight_loss,morning
user_0465,dropout,2025-09-12,38,advanced,weight_loss,night
user_0466,highly_engaged,2025-09-18,26,intermediate,wellness,morning
user_0467,dropout,2025-05-31,48,advanced,weight_loss,morning
user_0468,moderate,2025-09-27,60,beginner,stress_reduction,afternoon
user_0469,highly_engaged,2025-03-28,21,beginner,wellness,evening
user_0470,struggling,2025-02-10,51,beginner,weight_loss,morning
user_0471,highly_engaged,2025-10-22,58,intermediate,stress_reduction,evening
user_0472,highly_engaged,2025-11-24,45,advanced,wellness,night
user_0473,moderate,2025-08-05,53,advanced,wellness,evening
user_0474,struggling,2025-06-13,38,advanced,weight_loss,morning
user_0475,struggling,2025-04-03,57,beginner,muscle_gain,afternoon
user_0476,struggling,2025-06-04,40,beginner,stress_reduction,night
user_0477,moderate,2025-05-12,56,advanced,wellness,evening
user_0478,dropout,2025-09-30,37,intermediate,wellness,evening
user_0479,moderate,2025-11-02,33,advanced,muscle_gain,evening
user_0480,dropout,2025-01-05,44,beginner,muscle_gain,afternoon
user_0481,moderate,2024-12-28,21,advanced,wellness,night
user_0482,moderate,2025-05-08,46,beginner,muscle_gain,evening
user_0483,highly_engaged,2025-06-30,56,beginner,stress_reduction,afternoon
user_0484,moderate,2025-10-16,31,advanced,muscle_gain,night
user_0485,highly_engaged,2025-02-28,37,advanced,stress_reduction,night
user_0486,highly_engaged,2025-04-08,37,advanced,weight_loss,night
user_0487,moderate,2025-06-26,23,intermediate,weight_loss,morning
user_0488,dropout,2025-10-08,49,advanced,stress_reduction,morning
user_0489,dropout,2025-10-18,59,intermediate,wellness,afternoon
user_0490,struggling,2025-01-20,54,advanced,weight_loss,afternoon
user_0491,moderate,2025-01-05,22,advanced,weight_loss,afternoon
user_0492,dropout,2025-04-25,48,beginner,stress_reduction,evening
user_0493,moderate,2025-07-29,35,advanced,muscle_gain,night
user_0494,highly_engaged,2025-04-06,58,intermediate,muscle_gain,evening
user_0495,moderate,2025-10-11,18,advanced,wellness,night
user_0496,dropout,2024-12-26,47,beginner,stress_reduction,morning
user_0497,dropout,2025-09-21,65,advanced,muscle_gain,evening
user_0498,highly_engaged,2025-01-18,23,intermediate,stress_reduction,morning
user_0499,struggling,2025-03-17,41,intermediate,wellness,morning
user_0500,highly_engaged,2025-01-25,56,beginner,weight_loss,night
user_0501,moderate,2025-09-25,21,advanced,wellness,afternoon
user_0502,dropout,2025-04-28,25,advanced,weight_loss,evening
user_0503,struggling,2025-03-26,49,intermediate,weight_loss,afternoon
user_0504,moderate,2025-08-14,63,advanced,muscle_gain,night
user_0505,dropout,2025-01-13,29,intermediate,weight_loss,morning
user_0506,dropout,2025-09-29,35,advanced,stress_reduction,night
user_0507,highly_engaged,2025-05-06,42,advanced,weight_loss,evening
user_0508,struggling,2025-09-05,55,intermediate,weight_loss,night
user_0509,moderate,2025-11-26,61,intermediate,stress_reduction,afternoon
user_0510,highly_engaged,2025-01-05,21,advanced,weight_loss,night
user_0511,struggling,2025-04-02,24,intermediate,weight_loss,morning
user_0512,highly_engaged,2024-12-10,55,advanced,stress_reduction,morning
user_0513,dropout,2025-11-01,41,beginner,stress_reduction,morning
user_0514,struggling,2025-12-02,64,advanced,weight_loss,evening
user_0515,struggling,2025-03-27,58,beginner,wellness,evening
user_0516,highly_engaged,2024-12-12,63,beginner,weight_loss,morning
user_0517,moderate,2025-01-10,21,advanced,wellness,morning
user_0518,moderate,2025-05-09,55,advanced,stress_reduction,night
user_0519,highly_engaged,2025-11-27,39,advanced,stress_reduction,evening
user_0520,struggling,2025-10-11,31,beginner,weight_loss,morning
user_0521,highly_engaged,2025-07-11,51,advanced,muscle_gain,morning
user_0522,highly_engaged,2024-12-09,47,advanced,stress_reduction,evening
user_0523,highly_engaged,2025-09-17,40,intermediate,muscle_gain,morning
user_0524,highly_engaged,2025-04-20,51,beginner,stress_reduction,evening
user_0525,struggling,2025-06-27,64,intermediate,weight_loss,afternoon
user_0526,struggling,2025-07-20,49,advanced,muscle_gain,night
user_0527,struggling,2025-04-06,46,intermediate,muscle_gain,morning
user_0528,struggling,2025-08-08,29,beginner,stress_reduction,night
user_0529,highly_engaged,2025-08-19,57,advanced,wellness,evening
user_0530,highly_engaged,2025-03-27,18,advanced,stress_reduction,evening
user_0531,struggling,2025-02-26,48,advanced,muscle_gain,afternoon
user_0532,struggling,2025-10-10,53,intermediate,weight_loss,afternoon
user_0533,struggling,2025-01-29,25,intermediate,wellness,evening
user_0534,struggling,2025-01-16,31,beginner,wellness,evening
user_0535,dropout,2025-08-09,49,beginner,stress_reduction,morning
user_0536,highly_engaged,2025-06-16,32,advanced,stress_reduction,afternoon
user_0537,dropout,2025-10-23,62,intermediate,muscle_gain,afternoon
user_0538,moderate,2025-04-17,48,beginner,wellness,morning
user_0539,moderate,2025-09-09,25,beginner,stress_reduction,afternoon
user_0540,moderate,2025-05-22,39,beginner,stress_reduction,night
user_0541,struggling,2025-10-26,24,advanced,wellness,afternoon
user_0542,dropout,2025-01-16,48,beginner,muscle_gain,morning
user_0543,struggling,2025-02-11,48,intermediate,wellness,evening
user_0544,struggling,2025-02-08,30,intermediate,muscle_gain,night
user_0545,struggling,2025-06-11,43,intermediate,muscle_gain,evening
user_0546,dropout,2025-05-19,62,intermediate,weight_loss,evening
user_0547,dropout,2025-09-09,48,intermediate,stress_reduction,night
user_0548,moderate,2025-11-19,30,intermediate,stress_reduction,afternoon
user_0549,dropout,2025-04-04,47,advanced,weight_loss,morning
user_0550,highly_engaged,2025-05-13,38,beginner,muscle_gain,afternoon
user_0551,highly_engaged,2025-06-09,32,intermediate,weight_loss,morning
user_0552,struggling,2025-10-23,63,advanced,muscle_gain,evening
user_0553,dropout,2025-10-05,30,beginner,muscle_gain,night
user_0554,dropout,2025-04-25,26,intermediate,stress_reduction,evening
user_0555,dropout,2025-04-29,53,beginner,weight_loss,night
user_0556,dropout,2025-04-26,50,beginner,weight_loss,night
user_0557,dropout,2025-11-24,39,beginner,weight_loss,evening
user_0558,moderate,2025-10-15,58,intermediate,muscle_gain,evening
user_0559,highly_engaged,2025-01-04,63,advanced,weight_loss,night
user_0560,struggling,2025-10-20,44,beginner,weight_loss,afternoon
user_0561,struggling,2025-04-14,19,advanced,stress_reduction,evening
user_0562,highly_engaged,2025-04-22,23,intermediate,muscle_gain,night
user_0563,struggling,2025-12-01,29,advanced,stress_reduction,morning
user_0564,struggling,2025-12-04,40,advanced,wellness,morning
user_0565,dropout,2025-04-19,36,intermediate,weight_loss,evening
user_0566,struggling,2025-09-23,44,beginner,muscle_gain,night
user_0567,moderate,2025-01-02,35,advanced,weight_loss,evening
user_0568,dropout,2025-01-19,61,intermediate,wellness,night
user_0569,struggling,2025-02-03,25,advanced,muscle_gain,morning
user_0570,struggling,2025-09-13,34,intermediate,stress_reduction,morning
user_0571,highly_engaged,2025-04-23,18,advanced,wellness,afternoon
user_0572,struggling,2025-03-29,36,beginner,muscle_gain,night
user_0573,struggling,2025-05-20,48,advanced,muscle_gain,afternoon
user_0574,highly_engaged,2025-02-17,28,intermediate,wellness,evening
user_0575,moderate,2025-10-16,52,advanced,muscle_gain,evening
user_0576,dropout,2025-06-05,57,beginner,weight_loss,afternoon
user_0577,dropout,2025-06-06,56,beginner,stress_reduction,night
user_0578,highly_engaged,2025-08-28,41,beginner,stress_reduction,morning
user_0579,struggling,2025-10-13,53,advanced,muscle_gain,evening
user_0580,dropout,2025-04-21,20,advanced,stress_reduction,afternoon
user_0581,struggling,2025-07-14,58,beginner,muscle_gain,afternoon
user_0582,dropout,2025-10-28,64,beginner,weight_loss,afternoon
user_0583,moderate,2025-03-09,42,intermediate,stress_reduction,afternoon
user_0584,moderate,2025-08-19,49,advanced,muscle_gain,morning
user_0585,struggling,2025-11-17,26,intermediate,muscle_gain,afternoon
user_0586,struggling,2025-11-21,25,intermediate,weight_loss,morning
user_0587,struggling,2025-06-10,38,advanced,muscle_gain,afternoon
user_0588,highly_engaged,2025-11-06,30,intermediate,muscle_gain,night
user_0589,struggling,2025-07-19,59,intermediate,wellness,evening
user_0590,highly_engaged,2025-07-05,60,advanced,stress_reduction,afternoon
user_0591,struggling,2025-06-10,57,advanced,muscle_gain,night
user_0592,struggling,2025-09-19,58,intermediate,muscle_gain,evening
user_0593,highly_engaged,2025-05-17,61,advanced,stress_reduction,afternoon
user_0594,moderate,2025-11-18,46,beginner,wellness,night
user_0595,highly_engaged,2025-04-01,43,intermediate,weight_loss,morning
user_0596,moderate,2025-09-19,61,intermediate,muscle_gain,morning
user_0597,struggling,2025-07-08,20,advanced,weight_loss,afternoon
user_0598,struggling,2025-06-01,20,advanced,wellness,afternoon
user_0599,moderate,2025-01-14,36,intermediate,stress_reduction,afternoon
user_0600,moderate,2024-12-23,25,advanced,weight_loss,afternoon
user_0601,moderate,2025-06-09,20,beginner,stress_reduction,afternoon
user_0602,highly_engaged,2025-05-21,20,advanced,muscle_gain,morning
user_0603,highly_engaged,2025-04-25,59,advanced,muscle_gain,night
user_0604,moderate,2025-03-10,31,beginner,wellness,afternoon
user_0605,dropout,2024-12-19,53,beginner,weight_loss,night
user_0606,struggling,2025-01-23,46,beginner,weight_loss,evening
user_0607,dropout,2025-05-07,42,advanced,stress_reduction,night
user_0608,moderate,2025-09-30,36,advanced,wellness,afternoon
user_0609,dropout,2025-05-16,23,intermediate,stress_reduction,night
user_0610,highly_engaged,2025-03-15,56,beginner,muscle_gain,morning
user_0611,dropout,2025-01-14,30,advanced,wellness,afternoon
user_0612,moderate,2025-02-19,29,intermediate,wellness,morning
user_0613,highly_engaged,2025-04-21,61,advanced,weight_loss,evening
user_0614,dropout,2025-10-30,41,beginner,weight_loss,morning
user_0615,dropout,2025-09-08,44,intermediate,weight_loss,evening
user_0616,dropout,2025-08-31,40,beginner,muscle_gain,afternoon
user_0617,moderate,2025-06-17,54,beginner,muscle_gain,afternoon
user_0618,dropout,2025-09-25,54,advanced,wellness,morning
user_0619,highly_engaged,2025-11-26,32,advanced,weight_loss,night
user_0620,dropout,2025-06-17,22,beginner,muscle_gain,night
user_0621,struggling,2025-09-12,34,intermediate,weight_loss,morning
user_0622,moderate,2025-05-06,19,beginner,stress_reduction,morning
user_0623,dropout,2025-07-19,23,beginner,muscle_gain,morning
user_0624,moderate,2025-02-13,52,advanced,muscle_gain,night
user_0625,highly_engaged,2025-02-17,64,beginner,weight_loss,morning
user_0626,struggling,2025-06-12,59,beginner,weight_loss,afternoon
user_0627,highly_engaged,2025-11-28,34,advanced,stress_reduction,afternoon
user_0628,dropout,2025-09-11,48,beginner,muscle_gain,afternoon
user_0629,highly_engaged,2025-01-02,30,advanced,wellness,afternoon
user_0630,moderate,2025-08-11,22,beginner,stress_reduction,night
user_0631,moderate,2025-03-13,35,intermediate,wellness,evening
user_0632,struggling,2025-07-01,19,advanced,wellness,night
user_0633,dropout,2024-12-30,26,beginner,stress_reduction,evening
user_0634,dropout,2025-11-06,29,intermediate,wellness,morning
user_0635,moderate,2025-08-21,47,intermediate,stress_reduction,morning
user_0636,highly_engaged,2025-12-01,22,intermediate,muscle_gain,morning
user_0637,highly_engaged,2024-12-21,51,intermediate,stress_reduction,afternoon
user_0638,dropout,2025-06-12,33,intermediate,wellness,morning
user_0639,dropout,2025-06-22,48,advanced,stress_reduction,night
user_0640,struggling,2025-03-04,54,beginner,weight_loss,night
user_0641,struggling,2025-01-10,50,intermediate,muscle_gain,morning
user_0642,highly_engaged,2025-04-22,64,advanced,weight_loss,morning
user_0643,highly_engaged,2025-03-27,35,beginner,muscle_gain,evening
user_0644,struggling,2025-01-03,55,advanced,muscle_gain,night
user_0645,highly_engaged,2025-07-04,20,advanced,stress_reduction,afternoon
user_0646,struggling,2025-05-19,37,beginner,stress_reduction,evening
user_0647,dropout,2025-03-04,26,intermediate,muscle_gain,night
user_0648,highly_engaged,2025-03-23,51,advanced,muscle_gain,afternoon
user_0649,moderate,2025-07-24,42,intermediate,muscle_gain,night
user_0650,dropout,2024-12-17,43,advanced,wellness,evening
user_0651,moderate,2025-08-02,60,advanced,stress_reduction,evening
user_0652,struggling,2025-07-27,26,intermediate,wellness,evening
user_0653,dropout,2025-02-21,61,intermediate,stress_reduction,afternoon
user_0654,struggling,2025-06-28,49,beginner,wellness,morning
user_0655,struggling,2025-03-26,33,advanced,wellness,evening
user_0656,highly_engaged,2025-09-04,20,intermediate,muscle_gain,evening
user_0657,moderate,2025-06-16,39,advanced,muscle_gain,afternoon
user_0658,struggling,2025-02-03,30,beginner,muscle_gain,morning
user_0659,dropout,2025-08-10,36,advanced,stress_reduction,morning
user_0660,moderate,2025-02-11,28,intermediate,weight_loss,evening
user_0661,dropout,2024-12-23,57,advanced,weight_loss,afternoon
user_0662,highly_engaged,2025-03-25,48,intermediate,stress_reduction,morning
user_0663,moderate,2025-06-13,39,intermediate,weight_loss,morning
user_0664,moderate,2025-12-01,42,advanced,wellness,afternoon
user_0665,highly_engaged,2025-05-24,39,intermediate,weight_loss,afternoon
user_0666,moderate,2025-10-24,49,beginner,weight_loss,night
user_0667,highly_engaged,2025-08-28,45,advanced,stress_reduction,night
user_0668,moderate,2025-05-23,52,intermediate,wellness,night
user_0669,moderate,2025-12-03,30,intermediate,stress_reduction,evening
user_0670,struggling,2025-01-28,63,advanced,wellness,evening
user_0671,struggling,2025-09-05,47,intermediate,wellness,morning
user_0672,dropout,2025-09-16,55,beginner,muscle_gain,evening
user_0673,highly_engaged,2025-11-15,50,beginner,weight_loss,morning
user_0674,dropout,2024-12-14,41,intermediate,stress_reduction,night
user_0675,moderate,2025-08-27,48,advanced,stress_reduction,night
user_0676,moderate,2025-01-22,56,advanced,wellness,evening
user_0677,dropout,2025-11-03,44,advanced,stress_reduction,night
user_0678,moderate,2025-05-13,53,advanced,weight_loss,night
user_0679,dropout,2025-05-09,28,advanced,stress_reduction,night
user_0680,highly_engaged,2025-05-27,52,beginner,wellness,morning
user_0681,struggling,2025-09-03,47,advanced,stress_reduction,morning
user_0682,highly_engaged,2025-05-08,37,intermediate,wellness,morning
user_0683,dropout,2025-06-18,21,advanced,stress_reduction,evening
user_0684,dropout,2025-04-28,42,intermediate,stress_reduction,evening
user_0685,dropout,2024-12-21,32,advanced,stress_reduction,evening
user_0686,highly_engaged,2025-07-10,40,advanced,stress_reduction,afternoon
user_0687,dropout,2024-12-25,29,beginner,wellness,afternoon
user_0688,moderate,2025-02-23,26,beginner,stress_reduction,night
user_0689,highly_engaged,2025-01-13,42,intermediate,weight_loss,afternoon
user_0690,struggling,2025-06-28,34,beginner,muscle_gain,evening
user_0691,highly_engaged,2025-07-14,31,advanced,muscle_gain,evening
user_0692,struggling,2025-01-07,30,beginner,stress_reduction,afternoon
user_0693,dropout,2025-04-26,45,advanced,muscle_gain,afternoon
user_0694,struggling,2025-08-17,42,intermediate,wellness,evening
user_0695,moderate,2025-09-27,59,advanced,muscle_gain,morning
user_0696,dropout,2025-05-31,52,beginner,wellness,night
user_0697,highly_engaged,2025-09-07,61,advanced,weight_loss,morning
user_0698,struggling,2025-06-15,51,intermediate,wellness,afternoon
user_0699,highly_engaged,2025-11-04,55,intermediate,stress_reduction,afternoon
user_0700,dropout,2025-07-08,18,beginner,stress_reduction,night
user_0701,moderate,2025-01-31,56,beginner,wellness,evening
user_0702,dropout,2025-05-12,45,intermediate,muscle_gain,morning
user_0703,struggling,2025-09-03,25,beginner,weight_loss,night
user_0704,dropout,2025-06-24,39,beginner,muscle_gain,afternoon
user_0705,highly_engaged,2025-05-19,51,beginner,weight_loss,night
user_0706,struggling,2025-10-04,36,advanced,wellness,evening
user_0707,highly_engaged,2025-02-12,53,beginner,stress_reduction,night
user_0708,moderate,2024-12-14,33,advanced,wellness,night
user_0709,moderate,2025-10-01,28,beginner,weight_loss,night
user_0710,highly_engaged,2025-04-22,44,beginner,muscle_gain,morning
user_0711,moderate,2024-12-06,53,intermediate,weight_loss,night
user_0712,dropout,2025-01-01,61,beginner,weight_loss,night
user_0713,moderate,2025-11-23,60,intermediate,muscle_gain,night
user_0714,moderate,2025-02-16,30,intermediate,stress_reduction,morning
user_0715,struggling,2025-12-01,25,advanced,muscle_gain,night
user_0716,moderate,2024-12-26,52,advanced,wellness,morning
user_0717,highly_engaged,2025-03-15,35,intermediate,weight_loss,evening
user_0718,dropout,2025-09-19,18,beginner,muscle_gain,evening
user_0719,dropout,2025-01-27,57,intermediate,weight_loss,morning
user_0720,highly_engaged,2025-02-13,21,intermediate,muscle_gain,afternoon
user_0721,moderate,2025-11-01,22,intermediate,muscle_gain,morning
user_0722,highly_engaged,2025-04-11,49,advanced,wellness,morning
user_0723,highly_engaged,2024-12-22,46,beginner,wellness,morning
user_0724,moderate,2025-03-02,48,beginner,muscle_gain,evening
user_0725,highly_engaged,2025-10-01,63,intermediate,stress_reduction,afternoon
user_0726,highly_engaged,2024-12-24,30,intermediate,wellness,morning
user_0727,dropout,2025-05-10,25,advanced,muscle_gain,afternoon
user_0728,struggling,2025-10-26,43,advanced,stress_reduction,evening
user_0729,dropout,2025-10-06,22,intermediate,wellness,night
user_0730,highly_engaged,2025-10-12,49,intermediate,stress_reduction,evening
user_0731,dropout,2025-03-02,57,advanced,weight_loss,evening
user_0732,dropout,2025-08-03,42,advanced,stress_reduction,morning
user_0733,struggling,2025-02-16,32,beginner,muscle_gain,night
user_0734,dropout,2025-01-05,60,advanced,weight_loss,afternoon
user_0735,moderate,2025-04-17,57,advanced,wellness,night
user_0736,struggling,2025-03-15,20,intermediate,weight_loss,evening
user_0737,moderate,2025-09-23,42,intermediate,stress_reduction,morning
user_0738,moderate,2025-08-01,33,intermediate,wellness,afternoon
user_0739,dropout,2025-05-21,52,advanced,weight_loss,evening
user_0740,highly_engaged,2025-07-26,52,advanced,wellness,morning
user_0741,moderate,2025-11-29,61,beginner,weight_loss,evening
user_0742,struggling,2025-04-30,44,advanced,weight_loss,evening
user_0743,struggling,2025-08-11,32,beginner,weight_loss,afternoon
user_0744,moderate,2025-10-26,51,intermediate,weight_loss,evening
user_0745,highly_engaged,2025-06-25,43,intermediate,wellness,night
user_0746,moderate,2025-01-15,20,advanced,weight_loss,evening
user_0747,struggling,2025-08-29,30,advanced,wellness,evening
user_0748,highly_engaged,2025-02-08,34,intermediate,wellness,afternoon
user_0749,highly_engaged,2025-03-12,53,intermediate,stress_reduction,evening
user_0750,dropout,2025-06-22,27,advanced,wellness,morning
user_0751,moderate,2025-05-25,32,beginner,muscle_gain,evening
user_0752,moderate,2024-12-25,45,advanced,stress_reduction,night
user_0753,moderate,2024-12-18,50,beginner,wellness,morning
user_0754,highly_engaged,2025-09-14,45,beginner,wellness,night
user_0755,highly_engaged,2025-05-23,64,intermediate,weight_loss,afternoon
user_0756,highly_engaged,2025-07-23,26,advanced,weight_loss,evening
user_0757,highly_engaged,2024-12-27,51,advanced,wellness,afternoon
user_0758,highly_engaged,2024-12-06,37,advanced,weight_loss,morning
user_0759,moderate,2025-05-05,58,beginner,weight_loss,afternoon
user_0760,struggling,2025-08-19,36,beginner,weight_loss,morning
user_0761,highly_engaged,2025-02-14,53,beginner,muscle_gain,morning
user_0762,struggling,2025-07-13,39,advanced,stress_reduction,afternoon
user_0763,highly_engaged,2025-09-19,29,beginner,weight_loss,afternoon
user_0764,dropout,2025-10-08,33,beginner,wellness,night
user_0765,struggling,2025-07-09,19,beginner,muscle_gain,afternoon
user_0766,dropout,2025-05-03,19,beginner,wellness,morning
user_0767,highly_engaged,2025-07-18,49,intermediate,muscle_gain,night
user_0768,highly_engaged,2025-04-17,61,intermediate,wellness,night
user_0769,struggling,2025-10-13,50,advanced,muscle_gain,night
user_0770,struggling,2025-01-19,41,advanced,muscle_gain,evening
user_0771,moderate,2024-12-22,22,intermediate,muscle_gain,afternoon
user_0772,moderate,2025-06-22,58,advanced,muscle_gain,night
user_0773,moderate,2025-06-27,23,beginner,wellness,morning
user_0774,moderate,2024-12-30,32,advanced,muscle_gain,afternoon
user_0775,moderate,2025-01-28,25,advanced,muscle_gain,afternoon
user_0776,highly_engaged,2025-11-12,41,intermediate,wellness,afternoon
user_0777,highly_engaged,2025-01-03,29,beginner,weight_loss,afternoon
user_0778,highly_engaged,2025-05-03,39,beginner,weight_loss,afternoon
user_0779,dropout,2025-09-16,36,beginner,stress_reduction,morning
user_0780,moderate,2025-07-07,42,beginner,stress_reduction,morning
user_0781,dropout,2025-11-14,64,advanced,wellness,night
user_0782,highly_engaged,2025-01-04,38,beginner,wellness,evening
user_0783,moderate,2025-12-03,31,beginner,muscle_gain,night
user_0784,struggling,2025-11-04,36,intermediate,wellness,morning
user_0785,highly_engaged,2025-02-06,34,beginner,wellness,night
user_0786,dropout,2025-02-19,35,advanced,wellness,morning
user_0787,moderate,2025-08-08,46,intermediate,muscle_gain,morning
user_0788,moderate,2025-09-29,57,advanced,wellness,morning
user_0789,moderate,2025-06-25,35,advanced,weight_loss,evening
user_0790,dropout,2024-12-24,36,beginner,weight_loss,afternoon
user_0791,struggling,2025-07-26,57,beginner,weight_loss,afternoon
user_0792,struggling,2025-07-07,22,advanced,stress_reduction,evening
user_0793,highly_engaged,2024-12-18,21,intermediate,wellness,night
user_0794,dropout,2025-04-01,25,intermediate,wellness,morning
user_0795,highly_engaged,2025-05-15,49,beginner,stress_reduction,morning
user_0796,highly_engaged,2025-10-23,42,advanced,wellness,morning
user_0797,dropout,2025-07-02,48,beginner,wellness,night
user_0798,dropout,2024-12-20,28,beginner,muscle_gain,morning
user_0799,moderate,2025-08-23,29,intermediate,stress_reduction,night
user_0800,dropout,2025-09-13,55,advanced,stress_reduction,evening
user_0801,dropout,2025-03-16,53,beginner,weight_loss,morning
user_0802,moderate,2025-09-21,50,intermediate,stress_reduction,morning
user_0803,highly_engaged,2025-01-05,25,advanced,muscle_gain,afternoon
user_0804,moderate,2025-09-26,37,advanced,weight_loss,morning
user_0805,moderate,2025-06-05,54,advanced,wellness,afternoon
user_0806,dropout,2025-07-25,55,advanced,weight_loss,evening
user_0807,highly_engaged,2025-09-24,19,advanced,muscle_gain,night
user_0808,moderate,2025-09-26,60,advanced,wellness,morning
user_0809,moderate,2025-11-12,47,intermediate,stress_reduction,morning
user_0810,dropout,2025-01-09,30,advanced,wellness,evening
user_0811,highly_engaged,2025-03-30,59,advanced,weight_loss,morning
user_0812,moderate,2025-09-15,55,intermediate,weight_loss,afternoon
user_0813,dropout,2024-12-10,23,advanced,weight_loss,afternoon
user_0814,dropout,2025-01-12,36,advanced,weight_loss,evening
user_0815,struggling,2025-01-25,54,advanced,weight_loss,evening
user_0816,moderate,2025-09-06,57,intermediate,weight_loss,night
user_0817,dropout,2025-10-01,61,intermediate,stress_reduction,morning
user_0818,moderate,2024-12-15,41,intermediate,weight_loss,afternoon
user_0819,moderate,2025-06-06,50,intermediate,stress_reduction,evening
user_0820,moderate,2025-09-26,33,advanced,muscle_gain,night
user_0821,highly_engaged,2025-05-03,32,advanced,wellness,evening
user_0822,dropout,2025-07-26,41,intermediate,stress_reduction,night
user_0823,struggling,2025-02-10,37,advanced,weight_loss,afternoon
user_0824,highly_engaged,2024-12-29,20,intermediate,stress_reduction,morning
user_0825,highly_engaged,2024-12-06,64,beginner,muscle_gain,afternoon
user_0826,moderate,2025-06-18,49,intermediate,muscle_gain,evening
user_0827,struggling,2025-05-08,60,advanced,weight_loss,afternoon
user_0828,moderate,2025-03-30,24,beginner,stress_reduction,night
user_0829,struggling,2025-01-02,40,advanced,stress_reduction,afternoon
user_0830,moderate,2025-09-15,22,beginner,stress_reduction,afternoon
user_0831,moderate,2025-01-31,19,intermediate,weight_loss,morning
user_0832,highly_engaged,2025-10-01,29,intermediate,weight_loss,morning
user_0833,highly_engaged,2025-02-03,48,advanced,stress_reduction,evening
user_0834,highly_engaged,2025-10-07,38,beginner,stress_reduction,morning
user_0835,struggling,2025-02-20,45,advanced,wellness,evening
user_0836,struggling,2025-10-29,21,advanced,stress_reduction,afternoon
user_0837,struggling,2025-02-18,60,intermediate,wellness,morning
user_0838,moderate,2025-07-31,41,beginner,weight_loss,night
user_0839,dropout,2025-02-23,33,intermediate,stress_reduction,morning
user_0840,moderate,2025-08-18,53,intermediate,wellness,afternoon
user_0841,highly_engaged,2024-12-22,65,beginner,muscle_gain,night
user_0842,struggling,2025-06-10,22,intermediate,weight_loss,afternoon
user_0843,dropout,2025-05-31,52,advanced,muscle_gain,afternoon
user_0844,highly_engaged,2025-10-29,20,advanced,weight_loss,morning
user_0845,highly_engaged,2025-03-05,61,intermediate,stress_reduction,morning
user_0846,struggling,2025-07-23,22,advanced,stress_reduction,evening
user_0847,moderate,2025-05-14,26,advanced,wellness,night
user_0848,struggling,2025-09-13,39,advanced,weight_loss,night
user_0849,struggling,2025-01-08,43,beginner,muscle_gain,night
user_0850,struggling,2025-06-27,58,beginner,stress_reduction,evening
user_0851,dropout,2025-06-30,31,intermediate,weight_loss,morning
user_0852,struggling,2024-12-11,58,intermediate,muscle_gain,afternoon
user_0853,moderate,2025-04-02,56,advanced,muscle_gain,morning
user_0854,struggling,2025-09-03,43,intermediate,weight_loss,evening
user_0855,moderate,2025-04-21,38,advanced,muscle_gain,morning
user_0856,dropout,2025-05-05,28,advanced,wellness,night
user_0857,moderate,2025-01-06,61,intermediate,stress_reduction,morning
user_0858,moderate,2024-12-13,34,advanced,muscle_gain,evening
user_0859,dropout,2025-08-23,62,advanced,weight_loss,afternoon
user_0860,moderate,2025-06-11,52,intermediate,muscle_gain,evening
user_0861,dropout,2024-12-09,45,beginner,weight_loss,afternoon
user_0862,moderate,2025-08-27,26,beginner,weight_loss,morning
user_0863,dropout,2025-08-11,38,intermediate,wellness,night
user_0864,highly_engaged,2025-04-06,55,beginner,stress_reduction,evening
user_0865,dropout,2025-03-15,42,beginner,weight_loss,morning
user_0866,moderate,2025-08-25,22,advanced,stress_reduction,night
user_0867,moderate,2025-11-20,30,advanced,stress_reduction,night
user_0868,highly_engaged,2025-10-20,28,beginner,wellness,night
user_0869,moderate,2025-03-11,63,beginner,weight_loss,afternoon
user_0870,moderate,2025-01-14,27,advanced,weight_loss,afternoon
user_0871,highly_engaged,2025-02-09,25,intermediate,weight_loss,evening
user_0872,moderate,2024-12-14,27,advanced,stress_reduction,evening
user_0873,dropout,2025-06-27,55,advanced,wellness,morning
user_0874,moderate,2025-10-07,52,intermediate,muscle_gain,afternoon
user_0875,struggling,2025-01-23,47,beginner,stress_reduction,evening
user_0876,dropout,2025-09-11,30,advanced,stress_reduction,night
user_0877,struggling,2024-12-30,45,beginner,stress_reduction,night
user_0878,moderate,2025-06-15,48,advanced,weight_loss,morning
user_0879,struggling,2025-08-23,22,advanced,stress_reduction,morning
user_0880,struggling,2025-04-03,20,intermediate,wellness,afternoon
user_0881,moderate,2025-06-18,27,beginner,muscle_gain,night
user_0882,dropout,2025-02-19,38,intermediate,weight_loss,evening
user_0883,struggling,2025-10-26,30,beginner,weight_loss,morning
user_0884,dropout,2025-07-14,58,beginner,weight_loss,afternoon
user_0885,moderate,2025-04-21,30,beginner,stress_reduction,afternoon
user_0886,struggling,2025-04-20,32,intermediate,stress_reduction,night
user_0887,struggling,2025-07-23,63,intermediate,weight_loss,night
user_0888,highly_engaged,2025-03-14,40,advanced,muscle_gain,evening
user_0889,dropout,2025-07-30,34,intermediate,stress_reduction,afternoon
user_0890,struggling,2025-08-31,47,advanced,stress_reduction,night
user_0891,struggling,2025-03-23,61,intermediate,wellness,evening
user_0892,highly_engaged,2025-07-03,24,beginner,weight_loss,night
user_0893,struggling,2025-02-13,63,intermediate,weight_loss,evening
user_0894,highly_engaged,2025-05-17,21,intermediate,muscle_gain,night
user_0895,moderate,2025-11-15,64,beginner,weight_loss,morning
user_0896,struggling,2025-11-04,50,advanced,stress_reduction,evening
user_0897,highly_engaged,2025-08-03,41,intermediate,wellness,afternoon
user_0898,moderate,2025-11-11,37,intermediate,muscle_gain,morning
user_0899,highly_engaged,2025-06-06,61,advanced,muscle_gain,evening
user_0900,struggling,2025-04-30,18,intermediate,weight_loss,evening
user_0901,moderate,2025-08-03,65,beginner,wellness,afternoon
user_0902,dropout,2025-10-18,27,beginner,weight_loss,night
user_0903,highly_engaged,2025-11-28,24,intermediate,wellness,night
user_0904,highly_engaged,2025-11-25,42,beginner,muscle_gain,afternoon
user_0905,dropout,2025-09-27,31,intermediate,stress_reduction,afternoon
user_0906,dropout,2025-09-20,21,beginner,weight_loss,afternoon
user_0907,moderate,2025-04-05,46,advanced,muscle_gain,night
user_0908,moderate,2025-01-13,38,beginner,wellness,afternoon
user_0909,highly_engaged,2025-09-30,55,advanced,stress_reduction,night
user_0910,highly_engaged,2025-10-28,18,beginner,stress_reduction,morning
user_0911,moderate,2025-04-17,55,beginner,wellness,afternoon
user_0912,dropout,2025-08-14,63,beginner,weight_loss,night
user_0913,struggling,2025-05-08,32,intermediate,stress_reduction,evening
user_0914,dropout,2025-09-14,29,advanced,stress_reduction,evening
user_0915,moderate,2025-11-25,24,beginner,muscle_gain,evening
user_0916,moderate,2025-08-09,29,advanced,muscle_gain,night
user_0917,moderate,2025-03-13,47,advanced,muscle_gain,morning
user_0918,dropout,2025-03-22,48,advanced,weight_loss,night
user_0919,struggling,2025-11-16,48,beginner,weight_loss,morning
user_0920,highly_engaged,2025-10-15,39,beginner,stress_reduction,afternoon
user_0921,moderate,2025-11-24,44,advanced,weight_loss,morning
user_0922,struggling,2025-08-17,50,intermediate,muscle_gain,evening
user_0923,struggling,2025-06-19,51,intermediate,stress_reduction,night
user_0924,highly_engaged,2024-12-16,62,advanced,muscle_gain,evening
user_0925,dropout,2025-06-27,65,advanced,muscle_gain,afternoon
user_0926,struggling,2025-02-11,54,beginner,wellness,morning
user_0927,highly_engaged,2025-01-28,48,advanced,weight_loss,evening
user_0928,dropout,2025-06-19,36,intermediate,weight_loss,evening
user_0929,highly_engaged,2025-02-04,20,intermediate,wellness,morning
user_0930,struggling,2025-04-29,35,beginner,wellness,night
user_0931,struggling,2025-09-20,59,beginner,wellness,night
user_0932,highly_engaged,2025-08-16,43,advanced,weight_loss,afternoon
user_0933,moderate,2025-03-11,32,intermediate,wellness,afternoon
user_0934,struggling,2025-11-30,47,intermediate,weight_loss,morning
user_0935,highly_engaged,2025-04-23,29,beginner,wellness,morning
user_0936,highly_engaged,2025-09-03,32,beginner,muscle_gain,night
user_0937,struggling,2025-05-23,33,beginner,wellness,afternoon
user_0938,moderate,2025-06-03,23,intermediate,stress_reduction,night
user_0939,dropout,2025-02-11,48,beginner,stress_reduction,afternoon
user_0940,moderate,2024-12-07,58,intermediate,weight_loss,evening
user_0941,struggling,2024-12-13,34,advanced,weight_loss,night
user_0942,moderate,2025-11-12,65,advanced,muscle_gain,evening
user_0943,moderate,2025-07-31,56,intermediate,weight_loss,afternoon
user_0944,highly_engaged,2025-02-08,50,beginner,stress_reduction,evening
user_0945,struggling,2025-07-19,27,intermediate,stress_reduction,night
user_0946,moderate,2025-08-07,55,beginner,weight_loss,evening
user_0947,highly_engaged,2025-01-14,33,intermediate,stress_reduction,morning
user_0948,highly_engaged,2025-09-03,36,advanced,stress_reduction,night
user_0949,dropout,2025-02-01,38,beginner,muscle_gain,afternoon
user_0950,struggling,2025-05-04,37,advanced,weight_loss,evening
user_0951,highly_engaged,2025-02-22,43,advanced,muscle_gain,evening
user_0952,struggling,2025-10-26,33,advanced,stress_reduction,night
user_0953,highly_engaged,2025-11-02,64,beginner,weight_loss,afternoon
user_0954,highly_engaged,2025-09-02,57,advanced,weight_loss,afternoon
user_0955,struggling,2025-02-18,52,intermediate,muscle_gain,night
user_0956,highly_engaged,2025-08-05,50,advanced,weight_loss,afternoon
user_0957,highly_engaged,2025-05-02,45,beginner,wellness,night
user_0958,moderate,2025-07-25,29,intermediate,weight_loss,evening
user_0959,highly_engaged,2025-09-14,34,advanced,stress_reduction,afternoon
user_0960,moderate,2025-08-21,24,intermediate,stress_reduction,morning
user_0961,dropout,2025-03-24,24,intermediate,wellness,morning
user_0962,highly_engaged,2025-04-08,46,beginner,stress_reduction,morning
user_0963,moderate,2025-01-29,24,advanced,muscle_gain,night
user_0964,dropout,2025-02-12,47,advanced,wellness,night
user_0965,highly_engaged,2025-08-18,56,advanced,wellness,morning
user_0966,dropout,2025-11-29,45,beginner,stress_reduction,morning
user_0967,moderate,2025-05-09,28,advanced,stress_reduction,afternoon
user_0968,struggling,2025-09-15,28,beginner,wellness,evening
user_0969,struggling,2025-08-03,55,intermediate,weight_loss,morning
user_0970,dropout,2025-04-04,36,intermediate,wellness,morning
user_0971,moderate,2025-10-29,54,intermediate,weight_loss,afternoon
user_0972,highly_engaged,2025-01-19,53,advanced,stress_reduction,night
user_0973,dropout,2025-05-25,29,beginner,muscle_gain,afternoon
user_0974,moderate,2025-02-21,55,advanced,wellness,afternoon
user_0975,highly_engaged,2025-02-09,31,advanced,stress_reduction,afternoon
user_0976,moderate,2025-09-27,38,beginner,wellness,morning
user_0977,highly_engaged,2025-02-19,19,intermediate,stress_reduction,night
user_0978,highly_engaged,2025-11-07,24,advanced,stress_reduction,morning
user_0979,struggling,2024-12-24,63,intermediate,weight_loss,evening
user_0980,highly_engaged,2025-01-08,22,advanced,stress_reduction,night
user_0981,dropout,2024-12-06,64,beginner,weight_loss,night
user_0982,dropout,2025-05-02,21,intermediate,stress_reduction,night
user_0983,struggling,2025-10-28,20,intermediate,stress_reduction,morning
user_0984,moderate,2025-08-27,33,advanced,wellness,morning
user_0985,highly_engaged,2024-12-05,61,advanced,muscle_gain,night
user_0986,moderate,2024-12-19,24,beginner,weight_loss,night
user_0987,highly_engaged,2025-01-20,24,beginner,stress_reduction,afternoon
user_0988,struggling,2025-03-08,37,intermediate,wellness,night
user_0989,highly_engaged,2025-06-04,58,advanced,wellness,afternoon
user_0990,dropout,2025-08-05,64,beginner,muscle_gain,afternoon
user_0991,dropout,2025-03-25,26,advanced,muscle_gain,night
user_0992,highly_engaged,2025-08-15,42,beginner,weight_loss,night
user_0993,struggling,2025-01-02,20,beginner,wellness,night
user_0994,struggling,2025-07-21,30,advanced,weight_loss,night
user_0995,highly_engaged,2025-06-16,34,intermediate,wellness,afternoon
user_0996,struggling,2025-09-20,25,intermediate,muscle_gain,afternoon
user_0997,moderate,2025-01-26,59,beginner,stress_reduction,evening
user_0998,dropout,2025-08-23,31,intermediate,muscle_gain,night
user_0999,moderate,2025-06-17,41,intermediate,stress_reduction,night
